keyword,group,website,target_page,country,language,checks_enabled
photodays,brand,https://photodays.app,https://photodays.app/,US,en,false
photodays app,brand,https://photodays.app,https://photodays.app/,US,en,false
photo diary app,brand,https://photodays.app,https://photodays.app/,US,en,false
photo tracker,brand,https://photodays.app,https://photodays.app/,US,en,false
daily photo diary,photo-diary,https://photodays.app,https://photodays.app/photo-diary/,US,en,false
daily photo journal,photo-diary,https://photodays.app,https://photodays.app/photo-diary/,US,en,false
daily selfie app,photo-diary,https://photodays.app,https://photodays.app/photo-diary/,US,en,false
one photo a day,photo-diary,https://photodays.app,https://photodays.app/photo-diary/,US,en,false
photo a day app,photo-diary,https://photodays.app,https://photodays.app/photo-diary/,US,en,false
photo journal,photo-diary,https://photodays.app,https://photodays.app/photo-diary/,US,en,false
personal photo journal,photo-diary,https://photodays.app,https://photodays.app/photo-diary/,US,en,false
live photo diary,photo-diary,https://photodays.app,https://photodays.app/photo-diary/,US,en,false
live photo journal,photo-diary,https://photodays.app,https://photodays.app/photo-diary/,US,en,false
selfie a day,photo-diary,https://photodays.app,https://photodays.app/photo-diary/,US,en,false
progress photo tracker,progress-photos,https://photodays.app,https://photodays.app/progress-photos/,US,en,false
progress photo app,progress-photos,https://photodays.app,https://photodays.app/progress-photos/,US,en,false
body progress photos,progress-photos,https://photodays.app,https://photodays.app/progress-photos/,US,en,false
fitness photo diary,progress-photos,https://photodays.app,https://photodays.app/progress-photos/,US,en,false
fitness progress pictures,progress-photos,https://photodays.app,https://photodays.app/progress-photos/,US,en,false
monthly progress photos,progress-photos,https://photodays.app,https://photodays.app/progress-photos/,US,en,false
hair progress tracker,progress-photos,https://photodays.app,https://photodays.app/progress-photos/,US,en,false
transformation photo tracker,progress-photos,https://photodays.app,https://photodays.app/progress-photos/,US,en,false
photo progress video,photo-progress-video,https://photodays.app,https://photodays.app/photo-progress-video/,US,en,false
photo time lapse,photo-progress-video,https://photodays.app,https://photodays.app/photo-progress-video/,US,en,false
selfie timelapse app,photo-progress-video,https://photodays.app,https://photodays.app/photo-progress-video/,US,en,false
timelapse selfie,photo-progress-video,https://photodays.app,https://photodays.app/photo-progress-video/,US,en,false
body progress video,photo-progress-video,https://photodays.app,https://photodays.app/photo-progress-video/,US,en,false
photo timeline maker,photo-progress-video,https://photodays.app,https://photodays.app/photo-progress-video/,US,en,false
