query,intent,product_fit,target_page,decision,reason,source,google_metrics_status
365 days photo app,unclear,current_product_fit,,defer,Not a primary target in this four-page release. Revisit only with Google search intent evidence; do not add more pages or repeat variants merely to include the term.,ASO archive 2026-08-01; pilot-v2/keywords_canonical.csv row 2; pilot-v2/keywords_enriched_v2.csv row 2,not_collected_no_paid_checks
365 photo challenge,habit_challenge,current_product_fit,,defer,Not a primary target in this four-page release. Revisit only with Google search intent evidence; do not add more pages or repeat variants merely to include the term.,ASO archive 2026-08-01; pilot-v2/keywords_canonical.csv row 3; pilot-v2/keywords_enriched_v2.csv row 3,not_collected_no_paid_checks
a,unclear,wrong_intent,,exclude,Pilot-v2 status=rejected_too_broad; Standalone generic one-word or broad term lacks dedicated PhotoDays intent. Evidence: pilot-v2/keywords_canonical.csv row 4.,ASO archive 2026-08-01; pilot-v2/keywords_canonical.csv row 4; pilot-v2/keywords_enriched_v2.csv row 4,not_collected_no_paid_checks
acne,medical_monitoring,wrong_intent,,exclude,"Pilot-v2 status=rejected_medical_or_AI; AI scanner, medical, treatment, diagnosis, or biometric/scoring intent conflicts with current PhotoDays scope. Evidence: pilot-v2/keywords_canonical.csv row 5.",ASO archive 2026-08-01; pilot-v2/keywords_canonical.csv row 5; pilot-v2/keywords_enriched_v2.csv row 5,not_collected_no_paid_checks
acne before and after,medical_monitoring,wrong_intent,,exclude,"Pilot-v2 status=rejected_medical_or_AI; AI scanner, medical, treatment, diagnosis, or biometric/scoring intent conflicts with current PhotoDays scope. Evidence: pilot-v2/keywords_canonical.csv row 6.",ASO archive 2026-08-01; pilot-v2/keywords_canonical.csv row 6; pilot-v2/keywords_enriched_v2.csv row 6,not_collected_no_paid_checks
acne photo tracker,medical_monitoring,wrong_intent,,exclude,"Pilot-v2 status=rejected_medical_or_AI; AI scanner, medical, treatment, diagnosis, or biometric/scoring intent conflicts with current PhotoDays scope. Evidence: pilot-v2/keywords_canonical.csv row 7.",ASO archive 2026-08-01; pilot-v2/keywords_canonical.csv row 7; pilot-v2/keywords_enriched_v2.csv row 7,not_collected_no_paid_checks
acne progress tracker,medical_monitoring,wrong_intent,,exclude,"Pilot-v2 status=rejected_medical_or_AI; AI scanner, medical, treatment, diagnosis, or biometric/scoring intent conflicts with current PhotoDays scope. Evidence: pilot-v2/keywords_canonical.csv row 8.",ASO archive 2026-08-01; pilot-v2/keywords_canonical.csv row 8; pilot-v2/keywords_enriched_v2.csv row 8,not_collected_no_paid_checks
age,unclear,wrong_intent,,exclude,"Pilot-v2 status=rejected_wrong_intent; SERP or term meaning points to one-off editor, social sharing, generic diary, or unrelated utility intent. Evidence: pilot-v2/keywords_canonical.csv row 9.",ASO archive 2026-08-01; pilot-v2/keywords_canonical.csv row 9; pilot-v2/keywords_enriched_v2.csv row 9,not_collected_no_paid_checks
ai,unclear,wrong_intent,,exclude,"Pilot-v2 status=rejected_medical_or_AI; AI scanner, medical, treatment, diagnosis, or biometric/scoring intent conflicts with current PhotoDays scope. Evidence: pilot-v2/keywords_canonical.csv row 10.",ASO archive 2026-08-01; pilot-v2/keywords_canonical.csv row 10; pilot-v2/keywords_enriched_v2.csv row 10,not_collected_no_paid_checks
ai progress,progress_timeline,wrong_intent,,exclude,"Pilot-v2 status=rejected_medical_or_AI; AI scanner, medical, treatment, diagnosis, or biometric/scoring intent conflicts with current PhotoDays scope. Evidence: pilot-v2/keywords_canonical.csv row 11.",ASO archive 2026-08-01; pilot-v2/keywords_canonical.csv row 11; pilot-v2/keywords_enriched_v2.csv row 11,not_collected_no_paid_checks
ai scanner,medical_monitoring,wrong_intent,,exclude,"Pilot-v2 status=rejected_medical_or_AI; AI scanner, medical, treatment, diagnosis, or biometric/scoring intent conflicts with current PhotoDays scope. Evidence: pilot-v2/keywords_canonical.csv row 12.",ASO archive 2026-08-01; pilot-v2/keywords_canonical.csv row 12; pilot-v2/keywords_enriched_v2.csv row 12,not_collected_no_paid_checks
ai score,unclear,wrong_intent,,exclude,"Pilot-v2 status=rejected_medical_or_AI; AI scanner, medical, treatment, diagnosis, or biometric/scoring intent conflicts with current PhotoDays scope. Evidence: pilot-v2/keywords_canonical.csv row 13.",ASO archive 2026-08-01; pilot-v2/keywords_canonical.csv row 13; pilot-v2/keywords_enriched_v2.csv row 13,not_collected_no_paid_checks
app,unclear,wrong_intent,,exclude,Pilot-v2 status=rejected_too_broad; Standalone generic one-word or broad term lacks dedicated PhotoDays intent. Evidence: pilot-v2/keywords_canonical.csv row 14.,ASO archive 2026-08-01; pilot-v2/keywords_canonical.csv row 14; pilot-v2/keywords_enriched_v2.csv row 14,not_collected_no_paid_checks
appearance progress tracker,outcome_specific_tracker,current_product_fit,,defer,Not a primary target in this four-page release. Revisit only with Google search intent evidence; do not add more pages or repeat variants merely to include the term.,ASO archive 2026-08-01; pilot-v2/keywords_canonical.csv row 15; pilot-v2/keywords_enriched_v2.csv row 15,not_collected_no_paid_checks
ascend ai,unclear,wrong_intent,,exclude,"Pilot-v2 status=rejected_medical_or_AI; AI scanner, medical, treatment, diagnosis, or biometric/scoring intent conflicts with current PhotoDays scope. Evidence: pilot-v2/keywords_canonical.csv row 16.",ASO archive 2026-08-01; pilot-v2/keywords_canonical.csv row 16; pilot-v2/keywords_enriched_v2.csv row 16,not_collected_no_paid_checks
beard growth tracker,progress_timeline,current_product_fit,,defer,Not a primary target in this four-page release. Revisit only with Google search intent evidence; do not add more pages or repeat variants merely to include the term.,ASO archive 2026-08-01; pilot-v2/keywords_canonical.csv row 17; pilot-v2/keywords_enriched_v2.csv row 17,not_collected_no_paid_checks
beauty progress tracker,progress_timeline,current_product_fit,,defer,Not a primary target in this four-page release. Revisit only with Google search intent evidence; do not add more pages or repeat variants merely to include the term.,ASO archive 2026-08-01; pilot-v2/keywords_canonical.csv row 18; pilot-v2/keywords_enriched_v2.csv row 18,not_collected_no_paid_checks
before,unclear,wrong_intent,,exclude,Pilot-v2 status=rejected_too_broad; Standalone generic one-word or broad term lacks dedicated PhotoDays intent. Evidence: pilot-v2/keywords_canonical.csv row 19.,ASO archive 2026-08-01; pilot-v2/keywords_canonical.csv row 19; pilot-v2/keywords_enriched_v2.csv row 19,not_collected_no_paid_checks
before after face app,one_off_editor,wrong_intent,,exclude,"Pilot-v2 status=rejected_wrong_intent; SERP or term meaning points to one-off editor, social sharing, generic diary, or unrelated utility intent. Evidence: pilot-v2/keywords_canonical.csv row 20.",ASO archive 2026-08-01; pilot-v2/keywords_canonical.csv row 20; pilot-v2/keywords_enriched_v2.csv row 20,not_collected_no_paid_checks
before after photo app,one_off_editor,wrong_intent,,exclude,"Pilot-v2 status=rejected_wrong_intent; SERP or term meaning points to one-off editor, social sharing, generic diary, or unrelated utility intent. Evidence: pilot-v2/keywords_canonical.csv row 21.",ASO archive 2026-08-01; pilot-v2/keywords_canonical.csv row 21; pilot-v2/keywords_enriched_v2.csv row 21,not_collected_no_paid_checks
before and after photos,unclear,wrong_intent,,exclude,"Pilot-v2 status=rejected_wrong_intent; SERP or term meaning points to one-off editor, social sharing, generic diary, or unrelated utility intent. Evidence: pilot-v2/keywords_canonical.csv row 22.",ASO archive 2026-08-01; pilot-v2/keywords_canonical.csv row 22; pilot-v2/keywords_enriched_v2.csv row 22,not_collected_no_paid_checks
bmi tracker,progress_timeline,wrong_intent,,exclude,"Pilot-v2 status=rejected_medical_or_AI; AI scanner, medical, treatment, diagnosis, or biometric/scoring intent conflicts with current PhotoDays scope. Evidence: pilot-v2/keywords_canonical.csv row 23.",ASO archive 2026-08-01; pilot-v2/keywords_canonical.csv row 23; pilot-v2/keywords_enriched_v2.csv row 23,not_collected_no_paid_checks
body,unclear,wrong_intent,,exclude,Pilot-v2 status=rejected_too_broad; Standalone generic one-word or broad term lacks dedicated PhotoDays intent. Evidence: pilot-v2/keywords_canonical.csv row 24.,ASO archive 2026-08-01; pilot-v2/keywords_canonical.csv row 24; pilot-v2/keywords_enriched_v2.csv row 24,not_collected_no_paid_checks
body before after,one_off_editor,wrong_intent,,exclude,"Pilot-v2 status=rejected_wrong_intent; SERP or term meaning points to one-off editor, social sharing, generic diary, or unrelated utility intent. Evidence: pilot-v2/keywords_canonical.csv row 25.",ASO archive 2026-08-01; pilot-v2/keywords_canonical.csv row 25; pilot-v2/keywords_enriched_v2.csv row 25,not_collected_no_paid_checks
body cam,unclear,current_product_fit,,exclude,Pilot-v2 status=manual_review; Insufficient evidence for safe classification in pilot-v2. Evidence: pilot-v2/keywords_canonical.csv row 26.,ASO archive 2026-08-01; pilot-v2/keywords_canonical.csv row 26; pilot-v2/keywords_enriched_v2.csv row 26,not_collected_no_paid_checks
body measurement tracker,outcome_specific_tracker,current_product_fit,,exclude_current_product,"Could imply measurement, treatment, routine management or automatic analysis; the current site documents photo organization and comparison only.",ASO archive 2026-08-01; pilot-v2/keywords_canonical.csv row 27; pilot-v2/keywords_enriched_v2.csv row 27,not_collected_no_paid_checks
body progress photos,progress_timeline,current_product_fit,/progress-photos/,target,Matches a documented photo workflow; use natural copy and a relevant example. Google demand and ranking have not been measured.,ASO archive 2026-08-01; pilot-v2/keywords_canonical.csv row 28; pilot-v2/keywords_enriched_v2.csv row 28,not_collected_no_paid_checks
body progress tracker,outcome_specific_tracker,current_product_fit,,defer,Not a primary target in this four-page release. Revisit only with Google search intent evidence; do not add more pages or repeat variants merely to include the term.,ASO archive 2026-08-01; pilot-v2/keywords_canonical.csv row 29; pilot-v2/keywords_enriched_v2.csv row 29,not_collected_no_paid_checks
body progress video,progress_timeline,current_product_fit,/photo-progress-video/,supporting,Matches a documented photo workflow; use natural copy and a relevant example. Google demand and ranking have not been measured.,ASO archive 2026-08-01; pilot-v2/keywords_canonical.csv row 30; pilot-v2/keywords_enriched_v2.csv row 30,not_collected_no_paid_checks
body scan,unclear,wrong_intent,,exclude,"Pilot-v2 status=rejected_medical_or_AI; AI scanner, medical, treatment, diagnosis, or biometric/scoring intent conflicts with current PhotoDays scope. Evidence: pilot-v2/keywords_canonical.csv row 31.",ASO archive 2026-08-01; pilot-v2/keywords_canonical.csv row 31; pilot-v2/keywords_enriched_v2.csv row 31,not_collected_no_paid_checks
body scanner,medical_monitoring,wrong_intent,,exclude,"Pilot-v2 status=rejected_medical_or_AI; AI scanner, medical, treatment, diagnosis, or biometric/scoring intent conflicts with current PhotoDays scope. Evidence: pilot-v2/keywords_canonical.csv row 32.",ASO archive 2026-08-01; pilot-v2/keywords_canonical.csv row 32; pilot-v2/keywords_enriched_v2.csv row 32,not_collected_no_paid_checks
body tracker,progress_timeline,current_product_fit,,exclude_current_product,"Could imply measurement, treatment, routine management or automatic analysis; the current site documents photo organization and comparison only.",ASO archive 2026-08-01; pilot-v2/keywords_canonical.csv row 33; pilot-v2/keywords_enriched_v2.csv row 33,not_collected_no_paid_checks
body transformation tracker,progress_timeline,current_product_fit,,defer,Not a primary target in this four-page release. Revisit only with Google search intent evidence; do not add more pages or repeat variants merely to include the term.,ASO archive 2026-08-01; pilot-v2/keywords_canonical.csv row 34; pilot-v2/keywords_enriched_v2.csv row 34,not_collected_no_paid_checks
bodybuilding progress photos,progress_timeline,current_product_fit,,defer,Not a primary target in this four-page release. Revisit only with Google search intent evidence; do not add more pages or repeat variants merely to include the term.,ASO archive 2026-08-01; pilot-v2/keywords_canonical.csv row 35; pilot-v2/keywords_enriched_v2.csv row 35,not_collected_no_paid_checks
cam,unclear,wrong_intent,,exclude,"Pilot-v2 status=rejected_wrong_intent; SERP or term meaning points to one-off editor, social sharing, generic diary, or unrelated utility intent. Evidence: pilot-v2/keywords_canonical.csv row 36.",ASO archive 2026-08-01; pilot-v2/keywords_canonical.csv row 36; pilot-v2/keywords_enriched_v2.csv row 36,not_collected_no_paid_checks
care,unclear,wrong_intent,,exclude,Pilot-v2 status=rejected_too_broad; Standalone generic one-word or broad term lacks dedicated PhotoDays intent. Evidence: pilot-v2/keywords_canonical.csv row 37.,ASO archive 2026-08-01; pilot-v2/keywords_canonical.csv row 37; pilot-v2/keywords_enriched_v2.csv row 37,not_collected_no_paid_checks
change,unclear,wrong_intent,,exclude,Pilot-v2 status=rejected_too_broad; Standalone generic one-word or broad term lacks dedicated PhotoDays intent. Evidence: pilot-v2/keywords_canonical.csv row 38.,ASO archive 2026-08-01; pilot-v2/keywords_canonical.csv row 38; pilot-v2/keywords_enriched_v2.csv row 38,not_collected_no_paid_checks
checker,unclear,wrong_intent,,exclude,Pilot-v2 status=rejected_too_broad; Standalone generic one-word or broad term lacks dedicated PhotoDays intent. Evidence: pilot-v2/keywords_canonical.csv row 39.,ASO archive 2026-08-01; pilot-v2/keywords_canonical.csv row 39; pilot-v2/keywords_enriched_v2.csv row 39,not_collected_no_paid_checks
coach,unclear,wrong_intent,,exclude,Pilot-v2 status=rejected_too_broad; Standalone generic one-word or broad term lacks dedicated PhotoDays intent. Evidence: pilot-v2/keywords_canonical.csv row 40.,ASO archive 2026-08-01; pilot-v2/keywords_canonical.csv row 40; pilot-v2/keywords_enriched_v2.csv row 40,not_collected_no_paid_checks
compare,unclear,wrong_intent,,exclude,Pilot-v2 status=rejected_too_broad; One-word competitor-extracted term is too broad without exact SERP evidence. Evidence: pilot-v2/keywords_canonical.csv row 41.,ASO archive 2026-08-01; pilot-v2/keywords_canonical.csv row 41; pilot-v2/keywords_enriched_v2.csv row 41,not_collected_no_paid_checks
complexion tracker,progress_timeline,current_product_fit,,exclude_current_product,"Could imply measurement, treatment, routine management or automatic analysis; the current site documents photo organization and comparison only.",ASO archive 2026-08-01; pilot-v2/keywords_canonical.csv row 42; pilot-v2/keywords_enriched_v2.csv row 42,not_collected_no_paid_checks
create,unclear,wrong_intent,,exclude,"Pilot-v2 status=rejected_wrong_intent; SERP or term meaning points to one-off editor, social sharing, generic diary, or unrelated utility intent. Evidence: pilot-v2/keywords_canonical.csv row 43.",ASO archive 2026-08-01; pilot-v2/keywords_canonical.csv row 43; pilot-v2/keywords_enriched_v2.csv row 43,not_collected_no_paid_checks
daily,daily_photo_journal,wrong_intent,,exclude,Pilot-v2 status=rejected_too_broad; Standalone generic one-word or broad term lacks dedicated PhotoDays intent. Evidence: pilot-v2/keywords_canonical.csv row 44.,ASO archive 2026-08-01; pilot-v2/keywords_canonical.csv row 44; pilot-v2/keywords_enriched_v2.csv row 44,not_collected_no_paid_checks
daily diary,daily_photo_journal,current_product_fit,,defer,Not a primary target in this four-page release. Revisit only with Google search intent evidence; do not add more pages or repeat variants merely to include the term.,ASO archive 2026-08-01; pilot-v2/keywords_canonical.csv row 45; pilot-v2/keywords_enriched_v2.csv row 45,not_collected_no_paid_checks
daily face photo,daily_photo_journal,current_product_fit,,defer,Not a primary target in this four-page release. Revisit only with Google search intent evidence; do not add more pages or repeat variants merely to include the term.,ASO archive 2026-08-01; pilot-v2/keywords_canonical.csv row 46; pilot-v2/keywords_enriched_v2.csv row 46,not_collected_no_paid_checks
daily memories app,daily_photo_journal,current_product_fit,,defer,Not a primary target in this four-page release. Revisit only with Google search intent evidence; do not add more pages or repeat variants merely to include the term.,ASO archive 2026-08-01; pilot-v2/keywords_canonical.csv row 47; pilot-v2/keywords_enriched_v2.csv row 47,not_collected_no_paid_checks
daily photo diary,daily_photo_journal,current_product_fit,/photo-diary/,target,Matches a documented photo workflow; use natural copy and a relevant example. Google demand and ranking have not been measured.,ASO archive 2026-08-01; pilot-v2/keywords_canonical.csv row 48; pilot-v2/keywords_enriched_v2.csv row 48,not_collected_no_paid_checks
daily photo journal,daily_photo_journal,current_product_fit,/photo-diary/,target,Matches a documented photo workflow; use natural copy and a relevant example. Google demand and ranking have not been measured.,ASO archive 2026-08-01; pilot-v2/keywords_canonical.csv row 49; pilot-v2/keywords_enriched_v2.csv row 49,not_collected_no_paid_checks
daily photo reminder,daily_photo_journal,current_product_fit,,exclude,Pilot-v2 status=manual_review; Insufficient evidence for safe classification in pilot-v2. Evidence: pilot-v2/keywords_canonical.csv row 50.,ASO archive 2026-08-01; pilot-v2/keywords_canonical.csv row 50; pilot-v2/keywords_enriched_v2.csv row 50,not_collected_no_paid_checks
daily picture app,daily_photo_journal,current_product_fit,,exclude,Pilot-v2 status=manual_review; Insufficient evidence for safe classification in pilot-v2. Evidence: pilot-v2/keywords_canonical.csv row 51.,ASO archive 2026-08-01; pilot-v2/keywords_canonical.csv row 51; pilot-v2/keywords_enriched_v2.csv row 51,not_collected_no_paid_checks
daily selfie app,daily_photo_journal,current_product_fit,/photo-diary/,target,Matches a documented photo workflow; use natural copy and a relevant example. Google demand and ranking have not been measured.,ASO archive 2026-08-01; pilot-v2/keywords_canonical.csv row 52; pilot-v2/keywords_enriched_v2.csv row 52,not_collected_no_paid_checks
daily snapshot app,daily_photo_journal,current_product_fit,,defer,Not a primary target in this four-page release. Revisit only with Google search intent evidence; do not add more pages or repeat variants merely to include the term.,ASO archive 2026-08-01; pilot-v2/keywords_canonical.csv row 53; pilot-v2/keywords_enriched_v2.csv row 53,not_collected_no_paid_checks
day,unclear,wrong_intent,,exclude,Pilot-v2 status=rejected_too_broad; Standalone generic one-word or broad term lacks dedicated PhotoDays intent. Evidence: pilot-v2/keywords_canonical.csv row 54.,ASO archive 2026-08-01; pilot-v2/keywords_canonical.csv row 54; pilot-v2/keywords_enriched_v2.csv row 54,not_collected_no_paid_checks
diary journal,daily_photo_journal,current_product_fit,,exclude,Pilot-v2 status=manual_review; Insufficient evidence for safe classification in pilot-v2. Evidence: pilot-v2/keywords_canonical.csv row 55.,ASO archive 2026-08-01; pilot-v2/keywords_canonical.csv row 55; pilot-v2/keywords_enriched_v2.csv row 55,not_collected_no_paid_checks
everyday selfie tracker,daily_photo_journal,current_product_fit,,defer,Not a primary target in this four-page release. Revisit only with Google search intent evidence; do not add more pages or repeat variants merely to include the term.,ASO archive 2026-08-01; pilot-v2/keywords_canonical.csv row 56; pilot-v2/keywords_enriched_v2.csv row 56,not_collected_no_paid_checks
face a day app,unclear,current_product_fit,,defer,Not a primary target in this four-page release. Revisit only with Google search intent evidence; do not add more pages or repeat variants merely to include the term.,ASO archive 2026-08-01; pilot-v2/keywords_canonical.csv row 57; pilot-v2/keywords_enriched_v2.csv row 57,not_collected_no_paid_checks
face comparison app,one_off_editor,wrong_intent,,exclude,"Pilot-v2 status=rejected_wrong_intent; SERP or term meaning points to one-off editor, social sharing, generic diary, or unrelated utility intent. Evidence: pilot-v2/keywords_canonical.csv row 58.",ASO archive 2026-08-01; pilot-v2/keywords_canonical.csv row 58; pilot-v2/keywords_enriched_v2.csv row 58,not_collected_no_paid_checks
face photo tracker,progress_timeline,current_product_fit,,defer,Not a primary target in this four-page release. Revisit only with Google search intent evidence; do not add more pages or repeat variants merely to include the term.,ASO archive 2026-08-01; pilot-v2/keywords_canonical.csv row 59; pilot-v2/keywords_enriched_v2.csv row 59,not_collected_no_paid_checks
face progress photos,AI_photo_editing,current_product_fit,,exclude,"Pilot-v2 status=manual_review; Mixed, generic, source/semantic conflict, or skin/AI-adjacent intent needs human review. Evidence: pilot-v2/keywords_canonical.csv row 60.",ASO archive 2026-08-01; pilot-v2/keywords_canonical.csv row 60; pilot-v2/keywords_enriched_v2.csv row 60,not_collected_no_paid_checks
facial,unclear,wrong_intent,,exclude,"Pilot-v2 status=rejected_wrong_intent; SERP or term meaning points to one-off editor, social sharing, generic diary, or unrelated utility intent. Evidence: pilot-v2/keywords_canonical.csv row 61.",ASO archive 2026-08-01; pilot-v2/keywords_canonical.csv row 61; pilot-v2/keywords_enriched_v2.csv row 61,not_collected_no_paid_checks
fat,unclear,wrong_intent,,exclude,"Pilot-v2 status=rejected_medical_or_AI; AI scanner, medical, treatment, diagnosis, or biometric/scoring intent conflicts with current PhotoDays scope. Evidence: pilot-v2/keywords_canonical.csv row 62.",ASO archive 2026-08-01; pilot-v2/keywords_canonical.csv row 62; pilot-v2/keywords_enriched_v2.csv row 62,not_collected_no_paid_checks
fitness,unclear,wrong_intent,,exclude,Pilot-v2 status=rejected_too_broad; Standalone generic one-word or broad term lacks dedicated PhotoDays intent. Evidence: pilot-v2/keywords_canonical.csv row 63.,ASO archive 2026-08-01; pilot-v2/keywords_canonical.csv row 63; pilot-v2/keywords_enriched_v2.csv row 63,not_collected_no_paid_checks
fitness app,unclear,current_product_fit,,exclude,Pilot-v2 status=manual_review; Insufficient evidence for safe classification in pilot-v2. Evidence: pilot-v2/keywords_canonical.csv row 64.,ASO archive 2026-08-01; pilot-v2/keywords_canonical.csv row 64; pilot-v2/keywords_enriched_v2.csv row 64,not_collected_no_paid_checks
fitness photo diary,daily_photo_journal,current_product_fit,/progress-photos/,target,Matches a documented photo workflow; use natural copy and a relevant example. Google demand and ranking have not been measured.,ASO archive 2026-08-01; pilot-v2/keywords_canonical.csv row 65; pilot-v2/keywords_enriched_v2.csv row 65,not_collected_no_paid_checks
fitness progress pictures,progress_timeline,current_product_fit,/progress-photos/,target,Matches a documented photo workflow; use natural copy and a relevant example. Google demand and ranking have not been measured.,ASO archive 2026-08-01; pilot-v2/keywords_canonical.csv row 66; pilot-v2/keywords_enriched_v2.csv row 66,not_collected_no_paid_checks
fitness progress tracker,progress_timeline,current_product_fit,,defer,Not a primary target in this four-page release. Revisit only with Google search intent evidence; do not add more pages or repeat variants merely to include the term.,ASO archive 2026-08-01; pilot-v2/keywords_canonical.csv row 67; pilot-v2/keywords_enriched_v2.csv row 67,not_collected_no_paid_checks
fitness tracker,progress_timeline,current_product_fit,,exclude,Pilot-v2 status=manual_review; Insufficient evidence for safe classification in pilot-v2. Evidence: pilot-v2/keywords_canonical.csv row 68.,ASO archive 2026-08-01; pilot-v2/keywords_canonical.csv row 68; pilot-v2/keywords_enriched_v2.csv row 68,not_collected_no_paid_checks
fitness transformation app,unclear,current_product_fit,,exclude,Pilot-v2 status=manual_review; Insufficient evidence for safe classification in pilot-v2. Evidence: pilot-v2/keywords_canonical.csv row 69.,ASO archive 2026-08-01; pilot-v2/keywords_canonical.csv row 69; pilot-v2/keywords_enriched_v2.csv row 69,not_collected_no_paid_checks
friends,unclear,wrong_intent,,exclude,"Pilot-v2 status=rejected_wrong_intent; SERP or term meaning points to one-off editor, social sharing, generic diary, or unrelated utility intent. Evidence: pilot-v2/keywords_canonical.csv row 70.",ASO archive 2026-08-01; pilot-v2/keywords_canonical.csv row 70; pilot-v2/keywords_enriched_v2.csv row 70,not_collected_no_paid_checks
glass,unclear,wrong_intent,,exclude,Pilot-v2 status=competitor_brand; Competitor brand or brand-like navigation term from extraction. Evidence: pilot-v2/keywords_canonical.csv row 71.,ASO archive 2026-08-01; pilot-v2/keywords_canonical.csv row 71; pilot-v2/keywords_enriched_v2.csv row 71,not_collected_no_paid_checks
glow up tracker,progress_timeline,current_product_fit,,defer,Not a primary target in this four-page release. Revisit only with Google search intent evidence; do not add more pages or repeat variants merely to include the term.,ASO archive 2026-08-01; pilot-v2/keywords_canonical.csv row 72; pilot-v2/keywords_enriched_v2.csv row 72,not_collected_no_paid_checks
gratitude,unclear,wrong_intent,,exclude,"Pilot-v2 status=rejected_wrong_intent; SERP or term meaning points to one-off editor, social sharing, generic diary, or unrelated utility intent. Evidence: pilot-v2/keywords_canonical.csv row 73.",ASO archive 2026-08-01; pilot-v2/keywords_canonical.csv row 73; pilot-v2/keywords_enriched_v2.csv row 73,not_collected_no_paid_checks
guide,unclear,wrong_intent,,exclude,Pilot-v2 status=rejected_too_broad; Standalone generic one-word or broad term lacks dedicated PhotoDays intent. Evidence: pilot-v2/keywords_canonical.csv row 74.,ASO archive 2026-08-01; pilot-v2/keywords_canonical.csv row 74; pilot-v2/keywords_enriched_v2.csv row 74,not_collected_no_paid_checks
gym,unclear,wrong_intent,,exclude,Pilot-v2 status=rejected_too_broad; Standalone generic one-word or broad term lacks dedicated PhotoDays intent. Evidence: pilot-v2/keywords_canonical.csv row 75.,ASO archive 2026-08-01; pilot-v2/keywords_canonical.csv row 75; pilot-v2/keywords_enriched_v2.csv row 75,not_collected_no_paid_checks
gym progress tracker,outcome_specific_tracker,current_product_fit,,exclude,"Pilot-v2 status=manual_review; Mixed, generic, source/semantic conflict, or skin/AI-adjacent intent needs human review. Evidence: pilot-v2/keywords_canonical.csv row 76.",ASO archive 2026-08-01; pilot-v2/keywords_canonical.csv row 76; pilot-v2/keywords_enriched_v2.csv row 76,not_collected_no_paid_checks
habit tracker,progress_timeline,current_product_fit,,exclude,"Pilot-v2 status=manual_review; Mixed, generic, source/semantic conflict, or skin/AI-adjacent intent needs human review. Evidence: pilot-v2/keywords_canonical.csv row 77.",ASO archive 2026-08-01; pilot-v2/keywords_canonical.csv row 77; pilot-v2/keywords_enriched_v2.csv row 77,not_collected_no_paid_checks
habits,unclear,wrong_intent,,exclude,Pilot-v2 status=rejected_too_broad; Standalone generic one-word or broad term lacks dedicated PhotoDays intent. Evidence: pilot-v2/keywords_canonical.csv row 78.,ASO archive 2026-08-01; pilot-v2/keywords_canonical.csv row 78; pilot-v2/keywords_enriched_v2.csv row 78,not_collected_no_paid_checks
hair,unclear,wrong_intent,,exclude,Pilot-v2 status=rejected_too_broad; Standalone generic one-word or broad term lacks dedicated PhotoDays intent. Evidence: pilot-v2/keywords_canonical.csv row 79.,ASO archive 2026-08-01; pilot-v2/keywords_canonical.csv row 79; pilot-v2/keywords_enriched_v2.csv row 79,not_collected_no_paid_checks
hair growth progress,progress_timeline,current_product_fit,,defer,Not a primary target in this four-page release. Revisit only with Google search intent evidence; do not add more pages or repeat variants merely to include the term.,ASO archive 2026-08-01; pilot-v2/keywords_canonical.csv row 80; pilot-v2/keywords_enriched_v2.csv row 80,not_collected_no_paid_checks
hair progress tracker,progress_timeline,current_product_fit,/progress-photos/,supporting,Matches a documented photo workflow; use natural copy and a relevant example. Google demand and ranking have not been measured.,ASO archive 2026-08-01; pilot-v2/keywords_canonical.csv row 81; pilot-v2/keywords_enriched_v2.csv row 81,not_collected_no_paid_checks
health,unclear,wrong_intent,,exclude,Pilot-v2 status=rejected_too_broad; Standalone generic one-word or broad term lacks dedicated PhotoDays intent. Evidence: pilot-v2/keywords_canonical.csv row 82.,ASO archive 2026-08-01; pilot-v2/keywords_canonical.csv row 82; pilot-v2/keywords_enriched_v2.csv row 82,not_collected_no_paid_checks
health scanner,medical_monitoring,wrong_intent,,exclude,"Pilot-v2 status=rejected_medical_or_AI; AI scanner, medical, treatment, diagnosis, or biometric/scoring intent conflicts with current PhotoDays scope. Evidence: pilot-v2/keywords_canonical.csv row 83.",ASO archive 2026-08-01; pilot-v2/keywords_canonical.csv row 83; pilot-v2/keywords_enriched_v2.csv row 83,not_collected_no_paid_checks
health tracker,progress_timeline,current_product_fit,,exclude,Pilot-v2 status=manual_review; Insufficient evidence for safe classification in pilot-v2. Evidence: pilot-v2/keywords_canonical.csv row 84.,ASO archive 2026-08-01; pilot-v2/keywords_canonical.csv row 84; pilot-v2/keywords_enriched_v2.csv row 84,not_collected_no_paid_checks
hype,unclear,wrong_intent,,exclude,"Pilot-v2 status=rejected_wrong_intent; SERP or term meaning points to one-off editor, social sharing, generic diary, or unrelated utility intent. Evidence: pilot-v2/keywords_canonical.csv row 85.",ASO archive 2026-08-01; pilot-v2/keywords_canonical.csv row 85; pilot-v2/keywords_enriched_v2.csv row 85,not_collected_no_paid_checks
ingredient checker,unclear,wrong_intent,,exclude,"Pilot-v2 status=rejected_medical_or_AI; AI scanner, medical, treatment, diagnosis, or biometric/scoring intent conflicts with current PhotoDays scope. Evidence: pilot-v2/keywords_canonical.csv row 86.",ASO archive 2026-08-01; pilot-v2/keywords_canonical.csv row 86; pilot-v2/keywords_enriched_v2.csv row 86,not_collected_no_paid_checks
insights,unclear,wrong_intent,,exclude,Pilot-v2 status=rejected_too_broad; One-word competitor-extracted term is too broad without exact SERP evidence. Evidence: pilot-v2/keywords_canonical.csv row 87.,ASO archive 2026-08-01; pilot-v2/keywords_canonical.csv row 87; pilot-v2/keywords_enriched_v2.csv row 87,not_collected_no_paid_checks
journal diary,daily_photo_journal,current_product_fit,,exclude,Pilot-v2 status=manual_review; Insufficient evidence for safe classification in pilot-v2. Evidence: pilot-v2/keywords_canonical.csv row 88.,ASO archive 2026-08-01; pilot-v2/keywords_canonical.csv row 88; pilot-v2/keywords_enriched_v2.csv row 88,not_collected_no_paid_checks
journey,unclear,wrong_intent,,exclude,"Pilot-v2 status=rejected_wrong_intent; SERP or term meaning points to one-off editor, social sharing, generic diary, or unrelated utility intent. Evidence: pilot-v2/keywords_canonical.csv row 89.",ASO archive 2026-08-01; pilot-v2/keywords_canonical.csv row 89; pilot-v2/keywords_enriched_v2.csv row 89,not_collected_no_paid_checks
journey journal,daily_photo_journal,current_product_fit,,exclude,Pilot-v2 status=manual_review; Insufficient evidence for safe classification in pilot-v2. Evidence: pilot-v2/keywords_canonical.csv row 90.,ASO archive 2026-08-01; pilot-v2/keywords_canonical.csv row 90; pilot-v2/keywords_enriched_v2.csv row 90,not_collected_no_paid_checks
laps,unclear,wrong_intent,,exclude,Pilot-v2 status=competitor_brand; Competitor brand or brand-like navigation term from extraction. Evidence: pilot-v2/keywords_canonical.csv row 91.,ASO archive 2026-08-01; pilot-v2/keywords_canonical.csv row 91; pilot-v2/keywords_enriched_v2.csv row 91,not_collected_no_paid_checks
leap,unclear,wrong_intent,,exclude,Pilot-v2 status=competitor_brand; Competitor brand or brand-like navigation term from extraction. Evidence: pilot-v2/keywords_canonical.csv row 92.,ASO archive 2026-08-01; pilot-v2/keywords_canonical.csv row 92; pilot-v2/keywords_enriched_v2.csv row 92,not_collected_no_paid_checks
life photo diary,daily_photo_journal,current_product_fit,,defer,Not a primary target in this four-page release. Revisit only with Google search intent evidence; do not add more pages or repeat variants merely to include the term.,ASO archive 2026-08-01; pilot-v2/keywords_canonical.csv row 93; pilot-v2/keywords_enriched_v2.csv row 93,not_collected_no_paid_checks
log,unclear,wrong_intent,,exclude,Pilot-v2 status=rejected_too_broad; Standalone generic one-word or broad term lacks dedicated PhotoDays intent. Evidence: pilot-v2/keywords_canonical.csv row 94.,ASO archive 2026-08-01; pilot-v2/keywords_canonical.csv row 94; pilot-v2/keywords_enriched_v2.csv row 94,not_collected_no_paid_checks
maker,unclear,wrong_intent,,exclude,"Pilot-v2 status=rejected_wrong_intent; SERP or term meaning points to one-off editor, social sharing, generic diary, or unrelated utility intent. Evidence: pilot-v2/keywords_canonical.csv row 95.",ASO archive 2026-08-01; pilot-v2/keywords_canonical.csv row 95; pilot-v2/keywords_enriched_v2.csv row 95,not_collected_no_paid_checks
measure,unclear,wrong_intent,,exclude,Pilot-v2 status=rejected_too_broad; Standalone generic one-word or broad term lacks dedicated PhotoDays intent. Evidence: pilot-v2/keywords_canonical.csv row 96.,ASO archive 2026-08-01; pilot-v2/keywords_canonical.csv row 96; pilot-v2/keywords_enriched_v2.csv row 96,not_collected_no_paid_checks
measurement,unclear,wrong_intent,,exclude,Pilot-v2 status=rejected_too_broad; Standalone generic one-word or broad term lacks dedicated PhotoDays intent. Evidence: pilot-v2/keywords_canonical.csv row 97.,ASO archive 2026-08-01; pilot-v2/keywords_canonical.csv row 97; pilot-v2/keywords_enriched_v2.csv row 97,not_collected_no_paid_checks
measurements tracker,progress_timeline,current_product_fit,,exclude,Pilot-v2 status=manual_review; Insufficient evidence for safe classification in pilot-v2. Evidence: pilot-v2/keywords_canonical.csv row 98.,ASO archive 2026-08-01; pilot-v2/keywords_canonical.csv row 98; pilot-v2/keywords_enriched_v2.csv row 98,not_collected_no_paid_checks
methreesixty,unclear,wrong_intent,,exclude,Pilot-v2 status=competitor_brand; Competitor brand or brand-like navigation term from extraction. Evidence: pilot-v2/keywords_canonical.csv row 99.,ASO archive 2026-08-01; pilot-v2/keywords_canonical.csv row 99; pilot-v2/keywords_enriched_v2.csv row 99,not_collected_no_paid_checks
metr,unclear,wrong_intent,,exclude,Pilot-v2 status=rejected_too_broad; Standalone generic one-word or broad term lacks dedicated PhotoDays intent. Evidence: pilot-v2/keywords_canonical.csv row 100.,ASO archive 2026-08-01; pilot-v2/keywords_canonical.csv row 100; pilot-v2/keywords_enriched_v2.csv row 100,not_collected_no_paid_checks
moments,unclear,wrong_intent,,exclude,"Pilot-v2 status=rejected_wrong_intent; SERP or term meaning points to one-off editor, social sharing, generic diary, or unrelated utility intent. Evidence: pilot-v2/keywords_canonical.csv row 101.",ASO archive 2026-08-01; pilot-v2/keywords_canonical.csv row 101; pilot-v2/keywords_enriched_v2.csv row 101,not_collected_no_paid_checks
monthly progress photos,progress_timeline,current_product_fit,/progress-photos/,target,Matches a documented photo workflow; use natural copy and a relevant example. Google demand and ranking have not been measured.,ASO archive 2026-08-01; pilot-v2/keywords_canonical.csv row 102; pilot-v2/keywords_enriched_v2.csv row 102,not_collected_no_paid_checks
mood tracker,progress_timeline,current_product_fit,,exclude,"Pilot-v2 status=manual_review; Mixed, generic, source/semantic conflict, or skin/AI-adjacent intent needs human review. Evidence: pilot-v2/keywords_canonical.csv row 103.",ASO archive 2026-08-01; pilot-v2/keywords_canonical.csv row 103; pilot-v2/keywords_enriched_v2.csv row 103,not_collected_no_paid_checks
muscle progress tracker,outcome_specific_tracker,current_product_fit,,exclude_current_product,"Could imply measurement, treatment, routine management or automatic analysis; the current site documents photo organization and comparison only.",ASO archive 2026-08-01; pilot-v2/keywords_canonical.csv row 104; pilot-v2/keywords_enriched_v2.csv row 104,not_collected_no_paid_checks
nail growth tracker,progress_timeline,current_product_fit,,defer,Not a primary target in this four-page release. Revisit only with Google search intent evidence; do not add more pages or repeat variants merely to include the term.,ASO archive 2026-08-01; pilot-v2/keywords_canonical.csv row 105; pilot-v2/keywords_enriched_v2.csv row 105,not_collected_no_paid_checks
one photo a day,daily_photo_journal,current_product_fit,/photo-diary/,target,Matches a documented photo workflow; use natural copy and a relevant example. Google demand and ranking have not been measured.,ASO archive 2026-08-01; pilot-v2/keywords_canonical.csv row 106; pilot-v2/keywords_enriched_v2.csv row 106; exploratory-v1-delta-video-diary/user_manual_keywords_enriched.csv row 10; exploratory-v1-delta-video-diary/user_manual_keywords_raw.csv row 10,not_collected_no_paid_checks
personal,unclear,wrong_intent,,exclude,Pilot-v2 status=rejected_too_broad; Standalone generic one-word or broad term lacks dedicated PhotoDays intent. Evidence: pilot-v2/keywords_canonical.csv row 107.,ASO archive 2026-08-01; pilot-v2/keywords_canonical.csv row 107; pilot-v2/keywords_enriched_v2.csv row 107,not_collected_no_paid_checks
personal photo journal,daily_photo_journal,current_product_fit,/photo-diary/,target,Matches a documented photo workflow; use natural copy and a relevant example. Google demand and ranking have not been measured.,ASO archive 2026-08-01; pilot-v2/keywords_canonical.csv row 108; pilot-v2/keywords_enriched_v2.csv row 108,not_collected_no_paid_checks
photo,unclear,wrong_intent,,exclude,Pilot-v2 status=rejected_too_broad; Standalone generic one-word or broad term lacks dedicated PhotoDays intent. Evidence: pilot-v2/keywords_canonical.csv row 109.,ASO archive 2026-08-01; pilot-v2/keywords_canonical.csv row 109; pilot-v2/keywords_enriched_v2.csv row 109,not_collected_no_paid_checks
photo a day app,daily_photo_journal,current_product_fit,/photo-diary/,target,Matches a documented photo workflow; use natural copy and a relevant example. Google demand and ranking have not been measured.,ASO archive 2026-08-01; pilot-v2/keywords_canonical.csv row 110; pilot-v2/keywords_enriched_v2.csv row 110,not_collected_no_paid_checks
photo camera,unclear,wrong_intent,,exclude,"Pilot-v2 status=rejected_wrong_intent; SERP or term meaning points to one-off editor, social sharing, generic diary, or unrelated utility intent. Evidence: pilot-v2/keywords_canonical.csv row 111.",ASO archive 2026-08-01; pilot-v2/keywords_canonical.csv row 111; pilot-v2/keywords_enriched_v2.csv row 111,not_collected_no_paid_checks
photo challenge app,unclear,current_product_fit,,exclude,"Pilot-v2 status=manual_review; Mixed, generic, source/semantic conflict, or skin/AI-adjacent intent needs human review. Evidence: pilot-v2/keywords_canonical.csv row 112.",ASO archive 2026-08-01; pilot-v2/keywords_canonical.csv row 112; pilot-v2/keywords_enriched_v2.csv row 112,not_collected_no_paid_checks
photo diary app,daily_photo_journal,wrong_intent,/,target,Matches a documented photo workflow; use natural copy and a relevant example. Google demand and ranking have not been measured.,ASO archive 2026-08-01; pilot-v2/keywords_canonical.csv row 113; pilot-v2/keywords_enriched_v2.csv row 113,not_collected_no_paid_checks
photo journal,daily_photo_journal,current_product_fit,/photo-diary/,target,Matches a documented photo workflow; use natural copy and a relevant example. Google demand and ranking have not been measured.,ASO archive 2026-08-01; pilot-v2/keywords_canonical.csv row 114; pilot-v2/keywords_enriched_v2.csv row 114,not_collected_no_paid_checks
photo streak app,unclear,current_product_fit,,defer,Not a primary target in this four-page release. Revisit only with Google search intent evidence; do not add more pages or repeat variants merely to include the term.,ASO archive 2026-08-01; pilot-v2/keywords_canonical.csv row 115; pilot-v2/keywords_enriched_v2.csv row 115,not_collected_no_paid_checks
photos,unclear,wrong_intent,,exclude,Pilot-v2 status=rejected_too_broad; Standalone generic one-word or broad term lacks dedicated PhotoDays intent. Evidence: pilot-v2/keywords_canonical.csv row 116.,ASO archive 2026-08-01; pilot-v2/keywords_canonical.csv row 116; pilot-v2/keywords_enriched_v2.csv row 116,not_collected_no_paid_checks
pics,unclear,wrong_intent,,exclude,Pilot-v2 status=rejected_too_broad; Standalone generic one-word or broad term lacks dedicated PhotoDays intent. Evidence: pilot-v2/keywords_canonical.csv row 117.,ASO archive 2026-08-01; pilot-v2/keywords_canonical.csv row 117; pilot-v2/keywords_enriched_v2.csv row 117,not_collected_no_paid_checks
picture,unclear,wrong_intent,,exclude,Pilot-v2 status=rejected_too_broad; Standalone generic one-word or broad term lacks dedicated PhotoDays intent. Evidence: pilot-v2/keywords_canonical.csv row 118.,ASO archive 2026-08-01; pilot-v2/keywords_canonical.csv row 118; pilot-v2/keywords_enriched_v2.csv row 118,not_collected_no_paid_checks
pictures,unclear,wrong_intent,,exclude,Pilot-v2 status=rejected_too_broad; Standalone generic one-word or broad term lacks dedicated PhotoDays intent. Evidence: pilot-v2/keywords_canonical.csv row 119.,ASO archive 2026-08-01; pilot-v2/keywords_canonical.csv row 119; pilot-v2/keywords_enriched_v2.csv row 119,not_collected_no_paid_checks
planner,unclear,wrong_intent,,exclude,Pilot-v2 status=rejected_too_broad; Standalone generic one-word or broad term lacks dedicated PhotoDays intent. Evidence: pilot-v2/keywords_canonical.csv row 120.,ASO archive 2026-08-01; pilot-v2/keywords_canonical.csv row 120; pilot-v2/keywords_enriched_v2.csv row 120,not_collected_no_paid_checks
product,unclear,wrong_intent,,exclude,Pilot-v2 status=rejected_too_broad; Standalone generic one-word or broad term lacks dedicated PhotoDays intent. Evidence: pilot-v2/keywords_canonical.csv row 121.,ASO archive 2026-08-01; pilot-v2/keywords_canonical.csv row 121; pilot-v2/keywords_enriched_v2.csv row 121,not_collected_no_paid_checks
product scanner,medical_monitoring,wrong_intent,,exclude,"Pilot-v2 status=rejected_medical_or_AI; AI scanner, medical, treatment, diagnosis, or biometric/scoring intent conflicts with current PhotoDays scope. Evidence: pilot-v2/keywords_canonical.csv row 122.",ASO archive 2026-08-01; pilot-v2/keywords_canonical.csv row 122; pilot-v2/keywords_enriched_v2.csv row 122,not_collected_no_paid_checks
progress,progress_timeline,wrong_intent,,exclude,Pilot-v2 status=rejected_too_broad; Standalone generic one-word or broad term lacks dedicated PhotoDays intent. Evidence: pilot-v2/keywords_canonical.csv row 123.,ASO archive 2026-08-01; pilot-v2/keywords_canonical.csv row 123; pilot-v2/keywords_enriched_v2.csv row 123,not_collected_no_paid_checks
progress photo app,progress_timeline,current_product_fit,/progress-photos/,target,Matches a documented photo workflow; use natural copy and a relevant example. Google demand and ranking have not been measured.,ASO archive 2026-08-01; pilot-v2/keywords_canonical.csv row 124; pilot-v2/keywords_enriched_v2.csv row 124,not_collected_no_paid_checks
progress photo tracker,progress_timeline,current_product_fit,/progress-photos/,target,Matches a documented photo workflow; use natural copy and a relevant example. Google demand and ranking have not been measured.,ASO archive 2026-08-01; pilot-v2/keywords_canonical.csv row 125; pilot-v2/keywords_enriched_v2.csv row 125,not_collected_no_paid_checks
progress picture app,progress_timeline,current_product_fit,,defer,Not a primary target in this four-page release. Revisit only with Google search intent evidence; do not add more pages or repeat variants merely to include the term.,ASO archive 2026-08-01; pilot-v2/keywords_canonical.csv row 126; pilot-v2/keywords_enriched_v2.csv row 126,not_collected_no_paid_checks
progress tracker,progress_timeline,current_product_fit,,exclude,"Pilot-v2 status=manual_review; Mixed, generic, source/semantic conflict, or skin/AI-adjacent intent needs human review. Evidence: pilot-v2/keywords_canonical.csv row 127.",ASO archive 2026-08-01; pilot-v2/keywords_canonical.csv row 127; pilot-v2/keywords_enriched_v2.csv row 127,not_collected_no_paid_checks
reflect,unclear,wrong_intent,,exclude,"Pilot-v2 status=rejected_wrong_intent; SERP or term meaning points to one-off editor, social sharing, generic diary, or unrelated utility intent. Evidence: pilot-v2/keywords_canonical.csv row 128.",ASO archive 2026-08-01; pilot-v2/keywords_canonical.csv row 128; pilot-v2/keywords_enriched_v2.csv row 128,not_collected_no_paid_checks
routine,unclear,wrong_intent,,exclude,Pilot-v2 status=rejected_too_broad; Standalone generic one-word or broad term lacks dedicated PhotoDays intent. Evidence: pilot-v2/keywords_canonical.csv row 129.,ASO archive 2026-08-01; pilot-v2/keywords_canonical.csv row 129; pilot-v2/keywords_enriched_v2.csv row 129,not_collected_no_paid_checks
routine planner,unclear,current_product_fit,,exclude,Pilot-v2 status=manual_review; Insufficient evidence for safe classification in pilot-v2. Evidence: pilot-v2/keywords_canonical.csv row 130.,ASO archive 2026-08-01; pilot-v2/keywords_canonical.csv row 130; pilot-v2/keywords_enriched_v2.csv row 130,not_collected_no_paid_checks
routine tracker,progress_timeline,current_product_fit,,exclude,"Pilot-v2 status=manual_review; Mixed, generic, source/semantic conflict, or skin/AI-adjacent intent needs human review. Evidence: pilot-v2/keywords_canonical.csv row 131.",ASO archive 2026-08-01; pilot-v2/keywords_canonical.csv row 131; pilot-v2/keywords_enriched_v2.csv row 131,not_collected_no_paid_checks
routines,unclear,wrong_intent,,exclude,Pilot-v2 status=rejected_too_broad; One-word competitor-extracted term is too broad without exact SERP evidence. Evidence: pilot-v2/keywords_canonical.csv row 132.,ASO archive 2026-08-01; pilot-v2/keywords_canonical.csv row 132; pilot-v2/keywords_enriched_v2.csv row 132,not_collected_no_paid_checks
scan,unclear,wrong_intent,,exclude,"Pilot-v2 status=rejected_medical_or_AI; AI scanner, medical, treatment, diagnosis, or biometric/scoring intent conflicts with current PhotoDays scope. Evidence: pilot-v2/keywords_canonical.csv row 133.",ASO archive 2026-08-01; pilot-v2/keywords_canonical.csv row 133; pilot-v2/keywords_enriched_v2.csv row 133,not_collected_no_paid_checks
scan score,unclear,wrong_intent,,exclude,"Pilot-v2 status=rejected_medical_or_AI; AI scanner, medical, treatment, diagnosis, or biometric/scoring intent conflicts with current PhotoDays scope. Evidence: pilot-v2/keywords_canonical.csv row 134.",ASO archive 2026-08-01; pilot-v2/keywords_canonical.csv row 134; pilot-v2/keywords_enriched_v2.csv row 134,not_collected_no_paid_checks
scanner,medical_monitoring,wrong_intent,,exclude,"Pilot-v2 status=rejected_medical_or_AI; AI scanner, medical, treatment, diagnosis, or biometric/scoring intent conflicts with current PhotoDays scope. Evidence: pilot-v2/keywords_canonical.csv row 135.",ASO archive 2026-08-01; pilot-v2/keywords_canonical.csv row 135; pilot-v2/keywords_enriched_v2.csv row 135,not_collected_no_paid_checks
score,unclear,wrong_intent,,exclude,"Pilot-v2 status=rejected_medical_or_AI; AI scanner, medical, treatment, diagnosis, or biometric/scoring intent conflicts with current PhotoDays scope. Evidence: pilot-v2/keywords_canonical.csv row 136.",ASO archive 2026-08-01; pilot-v2/keywords_canonical.csv row 136; pilot-v2/keywords_enriched_v2.csv row 136,not_collected_no_paid_checks
score ai,unclear,wrong_intent,,exclude,"Pilot-v2 status=rejected_medical_or_AI; AI scanner, medical, treatment, diagnosis, or biometric/scoring intent conflicts with current PhotoDays scope. Evidence: pilot-v2/keywords_canonical.csv row 137.",ASO archive 2026-08-01; pilot-v2/keywords_canonical.csv row 137; pilot-v2/keywords_enriched_v2.csv row 137,not_collected_no_paid_checks
selfie,daily_photo_journal,wrong_intent,,exclude,Pilot-v2 status=rejected_too_broad; Standalone generic one-word or broad term lacks dedicated PhotoDays intent. Evidence: pilot-v2/keywords_canonical.csv row 138.,ASO archive 2026-08-01; pilot-v2/keywords_canonical.csv row 138; pilot-v2/keywords_enriched_v2.csv row 138,not_collected_no_paid_checks
selfie a day,daily_photo_journal,current_product_fit,/photo-diary/,target,Matches a documented photo workflow; use natural copy and a relevant example. Google demand and ranking have not been measured.,ASO archive 2026-08-01; pilot-v2/keywords_canonical.csv row 139; pilot-v2/keywords_enriched_v2.csv row 139,not_collected_no_paid_checks
selfie comparison app,daily_photo_journal,wrong_intent,,exclude,"Pilot-v2 status=rejected_wrong_intent; SERP or term meaning points to one-off editor, social sharing, generic diary, or unrelated utility intent. Evidence: pilot-v2/keywords_canonical.csv row 140.",ASO archive 2026-08-01; pilot-v2/keywords_canonical.csv row 140; pilot-v2/keywords_enriched_v2.csv row 140,not_collected_no_paid_checks
selfie everyday,daily_photo_journal,current_product_fit,,defer,Not a primary target in this four-page release. Revisit only with Google search intent evidence; do not add more pages or repeat variants merely to include the term.,ASO archive 2026-08-01; pilot-v2/keywords_canonical.csv row 141; pilot-v2/keywords_enriched_v2.csv row 141,not_collected_no_paid_checks
selfie timelapse app,progress_timeline,fit_with_copy_limitations,/photo-progress-video/,target,Matches a documented photo workflow; use natural copy and a relevant example. Google demand and ranking have not been measured.,ASO archive 2026-08-01; pilot-v2/keywords_canonical.csv row 142; pilot-v2/keywords_enriched_v2.csv row 142,not_collected_no_paid_checks
sera,unclear,wrong_intent,,exclude,Pilot-v2 status=competitor_brand; Competitor brand or brand-like navigation term from extraction. Evidence: pilot-v2/keywords_canonical.csv row 143.,ASO archive 2026-08-01; pilot-v2/keywords_canonical.csv row 143; pilot-v2/keywords_enriched_v2.csv row 143,not_collected_no_paid_checks
share,unclear,wrong_intent,,exclude,"Pilot-v2 status=rejected_wrong_intent; SERP or term meaning points to one-off editor, social sharing, generic diary, or unrelated utility intent. Evidence: pilot-v2/keywords_canonical.csv row 144.",ASO archive 2026-08-01; pilot-v2/keywords_canonical.csv row 144; pilot-v2/keywords_enriched_v2.csv row 144,not_collected_no_paid_checks
shots,unclear,wrong_intent,,exclude,Pilot-v2 status=rejected_too_broad; Standalone generic one-word or broad term lacks dedicated PhotoDays intent. Evidence: pilot-v2/keywords_canonical.csv row 145.,ASO archive 2026-08-01; pilot-v2/keywords_canonical.csv row 145; pilot-v2/keywords_enriched_v2.csv row 145,not_collected_no_paid_checks
skin,unclear,wrong_intent,,exclude,Pilot-v2 status=rejected_too_broad; One-word competitor-extracted term is too broad without exact SERP evidence. Evidence: pilot-v2/keywords_canonical.csv row 146.,ASO archive 2026-08-01; pilot-v2/keywords_canonical.csv row 146; pilot-v2/keywords_enriched_v2.csv row 146,not_collected_no_paid_checks
skin ai,unclear,wrong_intent,,exclude,"Pilot-v2 status=rejected_medical_or_AI; AI scanner, medical, treatment, diagnosis, or biometric/scoring intent conflicts with current PhotoDays scope. Evidence: pilot-v2/keywords_canonical.csv row 147.",ASO archive 2026-08-01; pilot-v2/keywords_canonical.csv row 147; pilot-v2/keywords_enriched_v2.csv row 147,not_collected_no_paid_checks
skin analysis,medical_monitoring,wrong_intent,,exclude,"Pilot-v2 status=rejected_medical_or_AI; AI scanner, medical, treatment, diagnosis, or biometric/scoring intent conflicts with current PhotoDays scope. Evidence: pilot-v2/keywords_canonical.csv row 148.",ASO archive 2026-08-01; pilot-v2/keywords_canonical.csv row 148; pilot-v2/keywords_enriched_v2.csv row 148,not_collected_no_paid_checks
skin app,unclear,current_product_fit,,exclude,"Pilot-v2 status=manual_review; Mixed, generic, source/semantic conflict, or skin/AI-adjacent intent needs human review. Evidence: pilot-v2/keywords_canonical.csv row 149.",ASO archive 2026-08-01; pilot-v2/keywords_canonical.csv row 149; pilot-v2/keywords_enriched_v2.csv row 149,not_collected_no_paid_checks
skin care,unclear,current_product_fit,,exclude,"Pilot-v2 status=manual_review; Mixed, generic, source/semantic conflict, or skin/AI-adjacent intent needs human review. Evidence: pilot-v2/keywords_canonical.csv row 150.",ASO archive 2026-08-01; pilot-v2/keywords_canonical.csv row 150; pilot-v2/keywords_enriched_v2.csv row 150,not_collected_no_paid_checks
skin care diary app,daily_photo_journal,current_product_fit,,defer,Not a primary target in this four-page release. Revisit only with Google search intent evidence; do not add more pages or repeat variants merely to include the term.,ASO archive 2026-08-01; pilot-v2/keywords_canonical.csv row 151; pilot-v2/keywords_enriched_v2.csv row 151,not_collected_no_paid_checks
skin diary,daily_photo_journal,current_product_fit,,defer,Not a primary target in this four-page release. Revisit only with Google search intent evidence; do not add more pages or repeat variants merely to include the term.,ASO archive 2026-08-01; pilot-v2/keywords_canonical.csv row 152; pilot-v2/keywords_enriched_v2.csv row 152,not_collected_no_paid_checks
skin improvement tracker,progress_timeline,current_product_fit,,exclude_current_product,"Could imply measurement, treatment, routine management or automatic analysis; the current site documents photo organization and comparison only.",ASO archive 2026-08-01; pilot-v2/keywords_canonical.csv row 153; pilot-v2/keywords_enriched_v2.csv row 153,not_collected_no_paid_checks
skin photo diary,daily_photo_journal,current_product_fit,,defer,Not a primary target in this four-page release. Revisit only with Google search intent evidence; do not add more pages or repeat variants merely to include the term.,ASO archive 2026-08-01; pilot-v2/keywords_canonical.csv row 154; pilot-v2/keywords_enriched_v2.csv row 154,not_collected_no_paid_checks
skin progress tracker,mixed,current_product_fit,,defer,Not a primary target in this four-page release. Revisit only with Google search intent evidence; do not add more pages or repeat variants merely to include the term.,ASO archive 2026-08-01; pilot-v2/keywords_canonical.csv row 155; pilot-v2/keywords_enriched_v2.csv row 155,not_collected_no_paid_checks
skin routine tracker,mixed,current_product_fit,,exclude_current_product,"Could imply measurement, treatment, routine management or automatic analysis; the current site documents photo organization and comparison only.",ASO archive 2026-08-01; pilot-v2/keywords_canonical.csv row 156; pilot-v2/keywords_enriched_v2.csv row 156,not_collected_no_paid_checks
skin scanner,medical_monitoring,wrong_intent,,exclude,"Pilot-v2 status=rejected_medical_or_AI; AI scanner, medical, treatment, diagnosis, or biometric/scoring intent conflicts with current PhotoDays scope. Evidence: pilot-v2/keywords_canonical.csv row 157.",ASO archive 2026-08-01; pilot-v2/keywords_canonical.csv row 157; pilot-v2/keywords_enriched_v2.csv row 157,not_collected_no_paid_checks
skin selfie tracker,mixed,current_product_fit,,defer,Not a primary target in this four-page release. Revisit only with Google search intent evidence; do not add more pages or repeat variants merely to include the term.,ASO archive 2026-08-01; pilot-v2/keywords_canonical.csv row 158; pilot-v2/keywords_enriched_v2.csv row 158,not_collected_no_paid_checks
skincare,unclear,current_product_fit,,exclude,"Pilot-v2 status=manual_review; Mixed, generic, source/semantic conflict, or skin/AI-adjacent intent needs human review. Evidence: pilot-v2/keywords_canonical.csv row 159.",ASO archive 2026-08-01; pilot-v2/keywords_canonical.csv row 159; pilot-v2/keywords_enriched_v2.csv row 159,not_collected_no_paid_checks
skincare before and after,mixed,current_product_fit,,defer,Not a primary target in this four-page release. Revisit only with Google search intent evidence; do not add more pages or repeat variants merely to include the term.,ASO archive 2026-08-01; pilot-v2/keywords_canonical.csv row 160; pilot-v2/keywords_enriched_v2.csv row 160,not_collected_no_paid_checks
skincare photo journal,daily_photo_journal,current_product_fit,,defer,Not a primary target in this four-page release. Revisit only with Google search intent evidence; do not add more pages or repeat variants merely to include the term.,ASO archive 2026-08-01; pilot-v2/keywords_canonical.csv row 161; pilot-v2/keywords_enriched_v2.csv row 161,not_collected_no_paid_checks
skincare progress tracker,mixed,current_product_fit,,defer,Not a primary target in this four-page release. Revisit only with Google search intent evidence; do not add more pages or repeat variants merely to include the term.,ASO archive 2026-08-01; pilot-v2/keywords_canonical.csv row 162; pilot-v2/keywords_enriched_v2.csv row 162,not_collected_no_paid_checks
skincare routine,unclear,current_product_fit,,exclude_current_product,"Could imply measurement, treatment, routine management or automatic analysis; the current site documents photo organization and comparison only.",ASO archive 2026-08-01; pilot-v2/keywords_canonical.csv row 163; pilot-v2/keywords_enriched_v2.csv row 163,not_collected_no_paid_checks
streaks,unclear,wrong_intent,,exclude,Pilot-v2 status=rejected_too_broad; One-word competitor-extracted term is too broad without exact SERP evidence. Evidence: pilot-v2/keywords_canonical.csv row 164.,ASO archive 2026-08-01; pilot-v2/keywords_canonical.csv row 164; pilot-v2/keywords_enriched_v2.csv row 164,not_collected_no_paid_checks
take a photo every day,unclear,current_product_fit,,defer,Not a primary target in this four-page release. Revisit only with Google search intent evidence; do not add more pages or repeat variants merely to include the term.,ASO archive 2026-08-01; pilot-v2/keywords_canonical.csv row 165; pilot-v2/keywords_enriched_v2.csv row 165,not_collected_no_paid_checks
test,unclear,wrong_intent,,exclude,Pilot-v2 status=rejected_too_broad; Standalone generic one-word or broad term lacks dedicated PhotoDays intent. Evidence: pilot-v2/keywords_canonical.csv row 166.,ASO archive 2026-08-01; pilot-v2/keywords_canonical.csv row 166; pilot-v2/keywords_enriched_v2.csv row 166,not_collected_no_paid_checks
timelapse,progress_timeline,fit_with_copy_limitations,,defer,Not a primary target in this four-page release. Revisit only with Google search intent evidence; do not add more pages or repeat variants merely to include the term.,ASO archive 2026-08-01; pilot-v2/keywords_canonical.csv row 167; pilot-v2/keywords_enriched_v2.csv row 167,not_collected_no_paid_checks
timelapse selfie,progress_timeline,fit_with_copy_limitations,/photo-progress-video/,target,Matches a documented photo workflow; use natural copy and a relevant example. Google demand and ranking have not been measured.,ASO archive 2026-08-01; pilot-v2/keywords_canonical.csv row 168; pilot-v2/keywords_enriched_v2.csv row 168,not_collected_no_paid_checks
timeline,unclear,wrong_intent,,exclude,Pilot-v2 status=rejected_too_broad; One-word competitor-extracted term is too broad without exact SERP evidence. Evidence: pilot-v2/keywords_canonical.csv row 169.,ASO archive 2026-08-01; pilot-v2/keywords_canonical.csv row 169; pilot-v2/keywords_enriched_v2.csv row 169,not_collected_no_paid_checks
track,unclear,wrong_intent,,exclude,Pilot-v2 status=rejected_too_broad; Standalone generic one-word or broad term lacks dedicated PhotoDays intent. Evidence: pilot-v2/keywords_canonical.csv row 170.,ASO archive 2026-08-01; pilot-v2/keywords_canonical.csv row 170; pilot-v2/keywords_enriched_v2.csv row 170,not_collected_no_paid_checks
tracker,progress_timeline,wrong_intent,,exclude,Pilot-v2 status=rejected_too_broad; Standalone generic one-word or broad term lacks dedicated PhotoDays intent. Evidence: pilot-v2/keywords_canonical.csv row 171.,ASO archive 2026-08-01; pilot-v2/keywords_canonical.csv row 171; pilot-v2/keywords_enriched_v2.csv row 171,not_collected_no_paid_checks
tracking,unclear,wrong_intent,,exclude,Pilot-v2 status=rejected_too_broad; Standalone generic one-word or broad term lacks dedicated PhotoDays intent. Evidence: pilot-v2/keywords_canonical.csv row 172.,ASO archive 2026-08-01; pilot-v2/keywords_canonical.csv row 172; pilot-v2/keywords_enriched_v2.csv row 172,not_collected_no_paid_checks
tracking app,unclear,current_product_fit,,exclude,"Pilot-v2 status=manual_review; Mixed, generic, source/semantic conflict, or skin/AI-adjacent intent needs human review. Evidence: pilot-v2/keywords_canonical.csv row 173.",ASO archive 2026-08-01; pilot-v2/keywords_canonical.csv row 173; pilot-v2/keywords_enriched_v2.csv row 173,not_collected_no_paid_checks
transformation photo tracker,progress_timeline,current_product_fit,/progress-photos/,supporting,Matches a documented photo workflow; use natural copy and a relevant example. Google demand and ranking have not been measured.,ASO archive 2026-08-01; pilot-v2/keywords_canonical.csv row 174; pilot-v2/keywords_enriched_v2.csv row 174,not_collected_no_paid_checks
video,unclear,wrong_intent,,exclude,Pilot-v2 status=rejected_too_broad; Standalone generic one-word or broad term lacks dedicated PhotoDays intent. Evidence: pilot-v2/keywords_canonical.csv row 175.,ASO archive 2026-08-01; pilot-v2/keywords_canonical.csv row 175; pilot-v2/keywords_enriched_v2.csv row 175,not_collected_no_paid_checks
video diary,mixed,fit_with_copy_limitations,,exclude_current_product,May imply a video-native or one-second daily recording workflow that is not verified in PhotoDays.,ASO archive 2026-08-01; pilot-v2/keywords_canonical.csv row 176; pilot-v2/keywords_enriched_v2.csv row 176; exploratory-v1-delta-video-diary/user_manual_keywords_enriched.csv row 6; exploratory-v1-delta-video-diary/user_manual_keywords_raw.csv row 6,not_collected_no_paid_checks
waist,unclear,wrong_intent,,exclude,Pilot-v2 status=rejected_too_broad; Standalone generic one-word or broad term lacks dedicated PhotoDays intent. Evidence: pilot-v2/keywords_canonical.csv row 177.,ASO archive 2026-08-01; pilot-v2/keywords_canonical.csv row 177; pilot-v2/keywords_enriched_v2.csv row 177,not_collected_no_paid_checks
weight loss,unclear,current_product_fit,,exclude,Pilot-v2 status=manual_review; Insufficient evidence for safe classification in pilot-v2. Evidence: pilot-v2/keywords_canonical.csv row 178.,ASO archive 2026-08-01; pilot-v2/keywords_canonical.csv row 178; pilot-v2/keywords_enriched_v2.csv row 178,not_collected_no_paid_checks
weight loss photo tracker,outcome_specific_tracker,current_product_fit,,exclude_current_product,"Could imply measurement, treatment, routine management or automatic analysis; the current site documents photo organization and comparison only.",ASO archive 2026-08-01; pilot-v2/keywords_canonical.csv row 179; pilot-v2/keywords_enriched_v2.csv row 179,not_collected_no_paid_checks
weight loss progress photos,progress_timeline,current_product_fit,,exclude_current_product,"Could imply measurement, treatment, routine management or automatic analysis; the current site documents photo organization and comparison only.",ASO archive 2026-08-01; pilot-v2/keywords_canonical.csv row 180; pilot-v2/keywords_enriched_v2.csv row 180,not_collected_no_paid_checks
weight progress photos,progress_timeline,current_product_fit,,exclude_current_product,"Could imply measurement, treatment, routine management or automatic analysis; the current site documents photo organization and comparison only.",ASO archive 2026-08-01; pilot-v2/keywords_canonical.csv row 181; pilot-v2/keywords_enriched_v2.csv row 181,not_collected_no_paid_checks
weight tracker,progress_timeline,current_product_fit,,exclude,"Pilot-v2 status=manual_review; Mixed, generic, source/semantic conflict, or skin/AI-adjacent intent needs human review. Evidence: pilot-v2/keywords_canonical.csv row 182.",ASO archive 2026-08-01; pilot-v2/keywords_canonical.csv row 182; pilot-v2/keywords_enriched_v2.csv row 182,not_collected_no_paid_checks
work,unclear,wrong_intent,,exclude,"Pilot-v2 status=rejected_wrong_intent; SERP or term meaning points to one-off editor, social sharing, generic diary, or unrelated utility intent. Evidence: pilot-v2/keywords_canonical.csv row 183.",ASO archive 2026-08-01; pilot-v2/keywords_canonical.csv row 183; pilot-v2/keywords_enriched_v2.csv row 183,not_collected_no_paid_checks
workout progress photos,progress_timeline,current_product_fit,,defer,Not a primary target in this four-page release. Revisit only with Google search intent evidence; do not add more pages or repeat variants merely to include the term.,ASO archive 2026-08-01; pilot-v2/keywords_canonical.csv row 184; pilot-v2/keywords_enriched_v2.csv row 184,not_collected_no_paid_checks
zozofit,unclear,wrong_intent,,exclude,Pilot-v2 status=competitor_brand; Competitor brand or brand-like navigation term from extraction. Evidence: pilot-v2/keywords_canonical.csv row 185.,ASO archive 2026-08-01; pilot-v2/keywords_canonical.csv row 185; pilot-v2/keywords_enriched_v2.csv row 185,not_collected_no_paid_checks
one second a day,one_second_snippet,requires_small_product_change,,exclude_current_product,May imply a video-native or one-second daily recording workflow that is not verified in PhotoDays.,ASO archive 2026-08-01; exploratory-v1-delta-video-diary/user_manual_keywords_enriched.csv row 2; exploratory-v1-delta-video-diary/user_manual_keywords_raw.csv row 2,not_collected_no_paid_checks
1 second a day,one_second_snippet,requires_small_product_change,,exclude_current_product,May imply a video-native or one-second daily recording workflow that is not verified in PhotoDays.,ASO archive 2026-08-01; exploratory-v1-delta-video-diary/user_manual_keywords_enriched.csv row 3; exploratory-v1-delta-video-diary/user_manual_keywords_raw.csv row 3,not_collected_no_paid_checks
one second every day,one_second_snippet,requires_small_product_change,,exclude_current_product,May imply a video-native or one-second daily recording workflow that is not verified in PhotoDays.,ASO archive 2026-08-01; exploratory-v1-delta-video-diary/user_manual_keywords_enriched.csv row 4; exploratory-v1-delta-video-diary/user_manual_keywords_raw.csv row 4,not_collected_no_paid_checks
daily video diary,daily_video_diary,fit_with_copy_limitations,,exclude_current_product,May imply a video-native or one-second daily recording workflow that is not verified in PhotoDays.,ASO archive 2026-08-01; exploratory-v1-delta-video-diary/user_manual_keywords_enriched.csv row 5; exploratory-v1-delta-video-diary/user_manual_keywords_raw.csv row 5,not_collected_no_paid_checks
video journal,mixed,fit_with_copy_limitations,,exclude_current_product,May imply a video-native or one-second daily recording workflow that is not verified in PhotoDays.,ASO archive 2026-08-01; exploratory-v1-delta-video-diary/user_manual_keywords_enriched.csv row 7; exploratory-v1-delta-video-diary/user_manual_keywords_raw.csv row 7,not_collected_no_paid_checks
daily video journal,mixed,fit_with_copy_limitations,,exclude_current_product,May imply a video-native or one-second daily recording workflow that is not verified in PhotoDays.,ASO archive 2026-08-01; exploratory-v1-delta-video-diary/user_manual_keywords_enriched.csv row 8; exploratory-v1-delta-video-diary/user_manual_keywords_raw.csv row 8,not_collected_no_paid_checks
one second video diary,one_second_snippet,requires_small_product_change,,exclude_current_product,May imply a video-native or one-second daily recording workflow that is not verified in PhotoDays.,ASO archive 2026-08-01; exploratory-v1-delta-video-diary/user_manual_keywords_enriched.csv row 9; exploratory-v1-delta-video-diary/user_manual_keywords_raw.csv row 9,not_collected_no_paid_checks
photo timeline maker,video_editor,fit_with_copy_limitations,/photo-progress-video/,supporting,Matches a documented photo workflow; use natural copy and a relevant example. Google demand and ranking have not been measured.,ASO archive 2026-08-01; exploratory-v1-delta-video-diary/user_manual_keywords_enriched.csv row 11; exploratory-v1-delta-video-diary/user_manual_keywords_raw.csv row 11,not_collected_no_paid_checks
photo album timeline,photo_storage,fit_with_copy_limitations,,defer,Not a primary target in this four-page release. Revisit only with Google search intent evidence; do not add more pages or repeat variants merely to include the term.,ASO archive 2026-08-01; exploratory-v1-delta-video-diary/user_manual_keywords_enriched.csv row 12; exploratory-v1-delta-video-diary/user_manual_keywords_raw.csv row 12,not_collected_no_paid_checks
life timeline,life_memory_timeline,fit_with_copy_limitations,,defer,Not a primary target in this four-page release. Revisit only with Google search intent evidence; do not add more pages or repeat variants merely to include the term.,ASO archive 2026-08-01; exploratory-v1-delta-video-diary/user_manual_keywords_enriched.csv row 13; exploratory-v1-delta-video-diary/user_manual_keywords_raw.csv row 13,not_collected_no_paid_checks
memory timeline,life_memory_timeline,fit_with_copy_limitations,,defer,Not a primary target in this four-page release. Revisit only with Google search intent evidence; do not add more pages or repeat variants merely to include the term.,ASO archive 2026-08-01; exploratory-v1-delta-video-diary/user_manual_keywords_enriched.csv row 14; exploratory-v1-delta-video-diary/user_manual_keywords_raw.csv row 14,not_collected_no_paid_checks
private video diary,daily_video_diary,fit_with_copy_limitations,,exclude_current_product,May imply a video-native or one-second daily recording workflow that is not verified in PhotoDays.,ASO archive 2026-08-01; exploratory-v1-delta-video-diary/user_manual_keywords_enriched.csv row 15; exploratory-v1-delta-video-diary/user_manual_keywords_raw.csv row 15,not_collected_no_paid_checks
live photo diary,mixed,current_product_fit,/photo-diary/,supporting,Matches a documented photo workflow; use natural copy and a relevant example. Google demand and ranking have not been measured.,ASO archive 2026-08-01; exploratory-v1-delta-video-diary/user_manual_keywords_enriched.csv row 16; exploratory-v1-delta-video-diary/user_manual_keywords_raw.csv row 16,not_collected_no_paid_checks
live photo journal,mixed,current_product_fit,/photo-diary/,supporting,Matches a documented photo workflow; use natural copy and a relevant example. Google demand and ranking have not been measured.,ASO archive 2026-08-01; exploratory-v1-delta-video-diary/user_manual_keywords_enriched.csv row 17; exploratory-v1-delta-video-diary/user_manual_keywords_raw.csv row 17,not_collected_no_paid_checks
live photo timeline,video_editor,current_product_fit,,defer,Not a primary target in this four-page release. Revisit only with Google search intent evidence; do not add more pages or repeat variants merely to include the term.,ASO archive 2026-08-01; exploratory-v1-delta-video-diary/user_manual_keywords_enriched.csv row 18; exploratory-v1-delta-video-diary/user_manual_keywords_raw.csv row 18,not_collected_no_paid_checks
live photo timelapse,timelapse_camera,fit_with_copy_limitations,,defer,Not a primary target in this four-page release. Revisit only with Google search intent evidence; do not add more pages or repeat variants merely to include the term.,ASO archive 2026-08-01; exploratory-v1-delta-video-diary/user_manual_keywords_enriched.csv row 19; exploratory-v1-delta-video-diary/user_manual_keywords_raw.csv row 19,not_collected_no_paid_checks
daily moments video,mixed,fit_with_copy_limitations,,defer,Not a primary target in this four-page release. Revisit only with Google search intent evidence; do not add more pages or repeat variants merely to include the term.,ASO archive 2026-08-01; exploratory-v1-delta-video-diary/user_manual_keywords_enriched.csv row 20; exploratory-v1-delta-video-diary/user_manual_keywords_raw.csv row 20,not_collected_no_paid_checks
year in review video,video_editor,fit_with_copy_limitations,,defer,Not a primary target in this four-page release. Revisit only with Google search intent evidence; do not add more pages or repeat variants merely to include the term.,ASO archive 2026-08-01; exploratory-v1-delta-video-diary/user_manual_keywords_enriched.csv row 21; exploratory-v1-delta-video-diary/user_manual_keywords_raw.csv row 21,not_collected_no_paid_checks
photodays,brand_navigation,current_product_fit,/,target,Brand or explicit website-plan seed; not an App Store metric.,Approved website SEO plan 2026-09-13,not_collected_no_paid_checks
photodays app,brand_navigation,current_product_fit,/,target,Brand or explicit website-plan seed; not an App Store metric.,Approved website SEO plan 2026-09-13,not_collected_no_paid_checks
photo tracker,photo_workflow,current_product_fit,/,target,Brand or explicit website-plan seed; not an App Store metric.,Approved website SEO plan 2026-09-13,not_collected_no_paid_checks
photo progress video,photo_workflow,current_product_fit,/photo-progress-video/,target,Brand or explicit website-plan seed; not an App Store metric.,Approved website SEO plan 2026-09-13,not_collected_no_paid_checks
photo time lapse,photo_workflow,current_product_fit,/photo-progress-video/,target,Brand or explicit website-plan seed; not an App Store metric.,Approved website SEO plan 2026-09-13,not_collected_no_paid_checks
